{
	"0x9fa23D27bC93533cd29E6038275611C829813147": 148106.21333333332,
	"0xa4bCe756033C95042C5778c565D322D55c3165Ee": 92361.59383793517,
	"0x3b8Cc3b85A8a05A594679Ce0cf34C44e74EBD7E4": 81417.55839222613,
	"0x0D0Db6402196fb090Cd251A1503b5688A30A6116": 72246.93333333332,
	"0x66B259B9E072E1ae256e738Dac2EBc25044178DE": 59084.201306632036,
	"0xf88d3412764873872aB1FdED5F168a6c1A3bF7bB": 53901.34192018162,
	"0x1ba6B82641C77aB1Fc7Bc734C5C3628199A8967D": 52014.34269529521,
	"0xF60595B5Bb6fa8135C0Feef89543521FF38Ba83E": 46960.50666666667,
	"0x22CdaFd845Fc18F05d58A8d4157038246562470d": 30641.788921637613,
	"0x2314a07Fe06BB94D9d4d98044ED556A2104f92D0": 21650.13059837706,
	"0xD2eeFF73117C86c14F11A6052620848F8dD6E0c8": 18061.73333333333,
	"0xd7Ddf70125342f44E65ccbafAe5135F2bB6526bB": 18061.73333333333,
	"0xFA281f3dbB5B4E0A65d9f27e288Aa4f9019d4563": 17509.095853528983,
	"0xb5F2949aADDd62C07AB10FFd39964fAF60887560": 12747.888369227554,
	"0x8322C00CaB37c8a00b127A3aAAC08d49c7Fa0025": 10542.155653514159,
	"0xC3dEeF6eb5BD578099C45fB20667b743B31ac155": 9788.60442021943,
	"0x982FB64D4539e54DbD0856892ECB88F666e4E198": 7291.704776679092,
	"0x91a35c8E27D6d2E9fE78Add3B61e2b508d9418B0": 5378.107687883191,
	"0x2a52b0050459cC4e9c1B50D8e0826755a9Fa3326": 5376.189411262037,
	"0x47fDB62319Ea1320C974b2Da64383ff9155BACB3": 4894.173385361424,
	"0x16c2312b7168F0E268751A4d5D73953176D87768": 4861.136517786061,
	"0x3a20D6cde0f85303F0fD623D3Dc5755D41f7Ab41": 4861.136517786061,
	"0x57B3aBAe7e7392571396A4A91BC1aE35bBDD19D7": 4861.136517786061,
	"0xf7c7cA163DDFe69218377Ab7086bdFc9a50F4E1E": 4834.275268232652,
	"0xaD60c1e0d0Cc8d9afC0DA3c3DE6561fCeDfD7908": 4743.565540417578,
	"0xF7599b9237680eA12Df90CdCCC79f37956a68086": 4104.915682079831,
	"0xcc2e5565ABFc3b457e284d84E87A56583833AFef": 3954.921021021792,
	"0x559160997EB3eFF9190ED62d7b4F3caFFf9408F4": 3612.3466666666664,
	"0x09D06DcEf22051477CDE12cfBfC674f60a53C66c": 2895.9856977377394,
	"0x57478b221022952C825668f105D2EE29c8B87ba4": 2746.620943480754,
	"0xdbfE5E94a0208C5324c7E4396DceBD312AF01B33": 2652.4379121752986,
	"0x890Cd2FA7d540aFAF8e2f1fEe47E96c55314A7fD": 2605.781385428026,
	"0x6Ff60E1CF749aE639fBE124dDbC2178c4C988203": 2571.995275499227,
	"0xD7925984736824B4Aecf8301c9aEE211Cd976494": 2530.716549423801,
	"0x917b4B0E86fC7766695095dD1A5292B3BE8b2D14": 2528.6426666666666,
	"0x9b616Ac1D31F17Be9B23560d93699cA7732e2808": 2441.9463466666666,
	"0xBFe2867dF4e99E4028afA19075F295f325563cb3": 2435.231955601085,
	"0xb4B6Aa5EEdC3faE8d1B2b29B94896AB432270BdA": 2381.4323698093754,
	"0x514fe3d53F297ab59AfF5912C2912a1388504e3B": 2278.9606777007193,
	"0x767A60F295AEDd958932088F9Cd6a4951D8739b6": 2255.3518183353954,
	"0x7476D1e9659a49B92C3f65F0A6De00a18fc3D6fA": 1731.9203748667308,
	"0xF0bB3b0922d368D30a1Ed2C210A3B2Cf8c35Cb09": 1634.6372324887686,
	"0xB6C9e6A2415aB8d26335498BEAc8eeBED4BB2259": 1487.8244462798039,
	"0x4666e94300429C6d3340449bC828E4218F360672": 1458.3409553358183,
	"0x607101458c6fD84D45c875a9e37ac0B3EE90822B": 1309.6453100774343,
	"0x17990Cb7FbE68b7c2A31a9976970466CD1e7FEd9": 1116.050710446416,
	"0xbfad818EdB25DC4eebac8Cc44a7533bE4652AD6C": 1083.7563201541766,
	"0xF2829fC923b6fD040Ead55d3F973F2953e86D13e": 1036.5056360364376,
	"0x46D6d5a5C0cC589AbDDAd248835e608Bc6520a1f": 1011.4570666666667,
	"0x579C5CE071691aec2EBfe45737D487860eB6F3f5": 972.2687495036103,
	"0xAb7Ab9b6495072c1136F96E301bD8f8DE900f119": 972.2273035572122,
	"0xA248F4a3D9c1b9D08e7E2e45cF5E11296B2bf4ea": 729.6940266666667,
	"0xE1f02F7E90ea5F21D0AC6F12c659C3484c143B03": 729.1704776679092,
	"0x305D1239E09103Efed3F8a0e5E3770345CEd81D6": 722.4693333333333,
	"0xd04bf9c1efA966918D7Cb6c407692Dbf8E069866": 660.8773193753866,
	"0x4f4928B1E7933cd7a76097Cc656b670fa1d3987B": 642.1885410133332,
	"0x98289029B0d4bB73Ead9Eb1A3300eD724Fcf6779": 637.2607785366365,
	"0x97579172749e2Bc672e204891a43cBC0F87c8374": 614.0989333333333,
	"0x526B7978c6e747Dd7C44C7aE33DE57bddae19342": 582.4424355834037,
	"0xaadb7CC8587cA5aE3e5c98B9e78F6024953C0Bd0": 560.4128740207359,
	"0xaC9c065B1A84A486628fd20efc9426E435bA7Cc2": 540.0722671260314,
	"0x6792bF376132c5f6D5A3393Cc385628486dDf2bE": 515.9153509333333,
	"0x68A6555E64C46b7fED10428d19E7A38438f43074": 505.72853333333336,
	"0x2db6F5e838eD2BaD993E9FF2D3d7A5c1Cc35704C": 487.606970837968,
	"0xd72df6D06971811318acaacf6119e3c5D396435a": 486.1136517786061,
	"0x976FdC5DfA145E3cbc690E9fef4a408642732952": 486.1136517786061,
	"0x83E9f528c1037EbDAFD24A8d22a5E510EBB29777": 392.57423906080953,
	"0x51e432dF264c3315Bb0D1aA70D265cDF0792c679": 388.89092142288484,
	"0xD82a92991dF76F59fd0C3c1De786f03d8a01e7Fc": 364.5852388339546,
	"0x521d155cee171DAD885eAE47a97A8c489c3C70C9": 361.23466666666667,
	"0x4fBE5303bCa958b8f1ee35b5443Aad9aD442e3D7": 361.23466666666667,
	"0x2F4cC44639da9F80eAB7Bd18cB00A1e07A5A0d47": 357.4216834990836,
	"0xC6aAB58d2579Ffc0Da4EB671a9596F8786B52fE7": 342.01112175160637,
	"0x8D91a9c66c38ac9b87a6B134431b46bfE4B9ec70": 332.33589333333333,
	"0xe9282fc1b078BBBe9E3CD1cF362743355E14C5Ae": 325.1112,
	"0xa86986d14D502e69a864dBcB0bA33B1910e56dF5": 318.74759742974743,
	"0x764f4909251F81976A0A2DCeBcE95333e4C27517": 318.51624805489604,
	"0xD6C258b34eEE58526177686aA2F1934fF5FBab51": 302.2811690666667,
	"0xc874901C1aa292781110118Ee4D3731c74E05b16": 288.9877333333333,
	"0xD1A0B66835D830e9ada42eEf436f3AA8005b20B5": 286.87892344931146,
	"0xd23199F1222C418ffC74c385171330B21B16e452": 275.8550038997169,
	"0xcd59Da774a35b145e9C81aD8A87914219633F83e": 243.05682588930304,
	"0x596cb04604C2fe7b2c5834d93226c6a6fC11341f": 243.05682588930304,
	"0xAB12253171A0d73df64B115cD43Fe0A32Feb9dAA": 243.05682588930304,
	"0xFb9b19c5e69125a27ecB9D6f2cf01bF595040B49": 231.53603067117203,
	"0xe212bEf5b94841d60705112185C723DA6A92d1CC": 216.74079999999998,
	"0xD98b0f8a15EaB299d0Acca03F24ed0aBb24dd5Ec": 216.74079999999998,
	"0xE62e462F310723818196C0E551b747BFA5645624": 215.7334674571954,
	"0x1524976412dEe6588c85298a93BcF3D82587E769": 205.63733159257833,
	"0xbAA32387bd55553Ec806622d524b12BbB8242a19": 199.0113690836711,
	"0x81B305DA6abe8aBF8850A3F0Eb4b9782290D816d": 152.0075477333333,
	"0x36EBc7fA4794111e39490f4E2fb532BE5Da63a8b": 148.10621333333333,
	"0xA4079e0840170c846e953631Bd1cb5A0dFE324d6": 146.68048213035985,
	"0xF420B8148D70d86FfD945c61ee0c0d0678bdF08E": 145.83409553358186,
	"0xb4D502361a3c6f823EEb9A99Af09E110382206ee": 139.21797443300397,
	"0x8982fA6a0Bb8155921f03B463dFD781436C42946": 138.90449180675782,
	"0x8e924908C75F0B05357558358191e148a321853a": 137.26917333333333,
	"0xE791904aA118B6eD93376532bA6ca6017f70eaeC": 135.82423466666665,
	"0xcED5d4A60fB23D7799f334589BEf382692588725": 134.6682837333333,
	"0x9dBDeaE32a009deD4E82524Dcf5B5e1d3Ce1eC94": 131.7784064,
	"0xBA1b35Eb69052aEF4CE95abC0c38e0Ff67410aEf": 124.1874546198805,
	"0x49a5492FDFe5AcC966dD5f41310dfDfe8dAA349C": 121.52841294465152,
	"0x2eD88964f096C4311e6F47164821aDe7d3B1C7A4": 97.3292407243259,
	"0x652c9b2fE59571dD0386AaF583b774069C991dC8": 93.198544,
	"0x868D2Bef6BF036576B0bA637501B4137f754941F": 89.04570205030251,
	"0x00c16C3256DC0408ebC91d62A3BC55BE148B4588": 88.43024639999999,
	"0xF68D2BfCecd7895BBa05a7451Dd09A1749026454": 81.91545094567525,
	"0xdA9009A9fD2150E38562886336A3268859ED8155": 73.33063733333333,
	"0x5BE66FE7E6bfFFa5AF7d9F9a3B49aE7c50CA54dF": 72.24693333333333,
	"0x520aBA3B9deA0a8c92a56B0c523A621f63658cA7": 67.47863573333333,
	"0xdD7BFafFbFe68Fe20AAAA6AA1A334B1947cA2226": 65.02224,
	"0xeD925F90d0639cdef4A1cFAF30F6ea4aB2BfD5CF": 61.409893333333336,
	"0x73534637ed2381Bd0929d27ac073c479eD6a8fC2": 59.24248533333333,
	"0xaD58903Fb2b548Ad35916c6ef840480f9E146142": 57.84752456165414,
	"0x91c97d587da1c4B9eE6725D50dDe4eb0570e2D85": 57.436311999999994,
	"0x72929a5521A1907e9bB270EbED05bca2b1407D67": 55.63013866666666,
	"0x2a3B53e1Ce8CB9f3290e9Ba70033951F07c686f3": 49.4169024,
	"0x2FC27F7101AAc6d1a5be87d785783Fa2dA103c64": 43.34816,
	"0x5F59b7c53317A19B3769C3374846Db85F25d9b3B": 42.22833253333334,
	"0xb8E1EB8964661E04cA4573F76CC82ddd1B8C0876": 37.699013536125996,
	"0xdE035287036697f2cC51A58B09E442bE10DFd2d2": 37.56840533333333,